Workbook

Sheet Aspirantes
A1: aguas nacionales | G1: BASE DE ASPIRANTES - SOLICITUD DE INSCRIPCIÓN A PROCESO DE SELECCIÓN | V1: Código: GTH-FOR-03
V2: Versión: 03 (Excel) / Fecha: __/__/____
A3: Proceso de Selección No.: _______ | Cargo: _______________________ | Esta base reemplaza el diligenciamiento manual del formato GTH-FOR-03. Cada fila corresponde a UN aspirante. No modifique encabezados ni el orden de las columnas.
A5: I. IDENTIFICACIÓN | Q5: II. CONTACTO Y UBICACIÓN | X5: III. ESTUDIOS (nivel más alto) | AE5: IV. EDUC. PARA EL TRABAJO / CERTIFICACIONES | AK5: V. IDIOMAS | AO5: VI. EXPERIENCIA LABORAL 1 | AW5: VII. EXPERIENCIA LABORAL 2 | BE5: VIII. EXPERIENCIA LABORAL 3 | BM5: IX. CONFLICTO DE INTERÉS | BQ5: X. PROCESO Y SEGUIMIENTO
A6: No. Cédula | B6: Apellidos | C6: Nombres | D6: Nombre completo (auto) | E6: Género | F6: Fecha nacimiento | G6: Ciudad nacimiento | H6: Depto. nacimiento | I6: País nacimiento | J6: Estado civil | K6: N° hijos | L6: Lic. conducción ¿tiene? | M6: Clase licencia | N6: ¿Tiene vehículo? | O6: Tarjeta/matrícula profesional N° | P6: Profesión | Q6: Dirección residencia | R6: Municipio | S6: Departamento residencia | T6: Teléfono residencia | U6: Teléfono oficina | V6: Celular | W6: Correo electrónico | X6: Nivel educativo más alto | Y6: Título obtenido | Z6: Institución educativa | AA6: Ciudad institución | AB6: ¿Graduado? | AC6: Fecha de grado / diploma | AD6: N° años aprobados (si no graduó) | AE6: Curso/certif. 1 Nombre | AF6: Curso/certif. 1 N° horas | AG6: Curso/certif. 1 Institución | AH6: Curso/certif. 2 Nombre | AI6: Curso/certif. 2 N° horas | AJ6: Curso/certif. 2 Institución | AK6: Idioma principal | AL6: Lo habla | AM6: Lo lee | AN6: Lo escribe | AO6: Empresa | AP6: Cargo desempeñado | AQ6: Tipo de empresa | AR6: Fecha inicio | AS6: Fecha fin | AT6: Tiempo total laborado (auto) | AU6: Dedicación | AV6: Principales funciones | AW6: Empresa | AX6: Cargo desempeñado | AY6: Tipo de empresa | AZ6: Fecha inicio | BA6: Fecha fin | BB6: Tiempo total laborado (auto) | BC6: Dedicación | BD6: Principales funciones | BE6: Empresa | BF6: Cargo desempeñado | BG6: Tipo de empresa | BH6: Fecha inicio | BI6: Fecha fin | BJ6: Tiempo total laborado (auto) | BK6: Dedicación | BL6: Principales funciones | BM6: ¿Tiene vínculo con empleado/directivo de la empresa? | BN6: Parentesco / relación | BO6: Nombre del empleado | BP6: Cargo del empleado | BQ6: Proceso de selección N° | BR6: Fecha de entrega | BS6: Estado de revisión | BT6: Observaciones
A7: 1017123456 | B7: Restrepo Gómez | C7: Laura Andrea | D7: =IF(AND(B7="",C7=""),"",TRIM(B7&" "&C7)) -> Restrepo Gómez Laura Andrea | E7: Mujer | F7: 1994-03-12 | G7: Medellín | H7: Antioquia | I7: Colombia | J7: Soltero(a) | K7: 0 | L7: SI | M7: B1 | N7: NO | O7: AB123456 | P7: Ingeniera Ambiental | Q7: Cra 45 # 10-20 | R7: Medellín | S7: Antioquia | T7: 6045551234 | V7: 3005551234 | W7: laura.restrepo@example.com | X7: Universitario | Y7: Ingeniera Ambiental | Z7: Universidad de Antioquia | AA7: Medellín | AB7: SI | AC7: 2018-12-01 | AE7: Diplomado en Gestión Ambiental | AF7: 120 | AG7: SENA | AK7: Inglés | AL7: Bien | AM7: Muy bien | AN7: Bien | AT7: =IF(OR(AR7="",AS7=""),"",TEXT(DATEDIF(AR7,AS7,"y"),"0")&" a "&TEXT(DATEDIF(AR7,AS7,"ym"),"0")&" m") | BB7: =IF(OR(AZ7="",BA7=""),"",TEXT(DATEDIF(AZ7,BA7,"y"),"0")&" a "&TEXT(DATEDIF(AZ7,BA7,"ym"),"0")&" m") | BJ7: =IF(OR(BH7="",BI7=""),"",TEXT(DATEDIF(BH7,BI7,"y"),"0")&" a "&TEXT(DATEDIF(BH7,BI7,"ym"),"0")&" m") | BS7: Pendiente | BT7: Fila de ejemplo - bórrela antes de usar la base. | BV7: <- Fila de ejemplo con datos ficticios. Elimínela y empiece a capturar desde esta fila.
D8: =IF(AND(B8="",C8=""),"",TRIM(B8&" "&C8)) | AT8: =IF(OR(AR8="",AS8=""),"",TEXT(DATEDIF(AR8,AS8,"y"),"0")&" a "&TEXT(DATEDIF(AR8,AS8,"ym"),"0")&" m") | BB8: =IF(OR(AZ8="",BA8=""),"",TEXT(DATEDIF(AZ8,BA8,"y"),"0")&" a "&TEXT(DATEDIF(AZ8,BA8,"ym"),"0")&" m") | BJ8: =IF(OR(BH8="",BI8=""),"",TEXT(DATEDIF(BH8,BI8,"y"),"0")&" a "&TEXT(DATEDIF(BH8,BI8,"ym"),"0")&" m")
D9: =IF(AND(B9="",C9=""),"",TRIM(B9&" "&C9)) | AT9: =IF(OR(AR9="",AS9=""),"",TEXT(DATEDIF(AR9,AS9,"y"),"0")&" a "&TEXT(DATEDIF(AR9,AS9,"ym"),"0")&" m") | BB9: =IF(OR(AZ9="",BA9=""),"",TEXT(DATEDIF(AZ9,BA9,"y"),"0")&" a "&TEXT(DATEDIF(AZ9,BA9,"ym"),"0")&" m") | BJ9: =IF(OR(BH9="",BI9=""),"",TEXT(DATEDIF(BH9,BI9,"y"),"0")&" a "&TEXT(DATEDIF(BH9,BI9,"ym"),"0")&" m")
D10: =IF(AND(B10="",C10=""),"",TRIM(B10&" "&C10)) | AT10: =IF(OR(AR10="",AS10=""),"",TEXT(DATEDIF(AR10,AS10,"y"),"0")&" a "&TEXT(DATEDIF(AR10,AS10,"ym"),"0")&" m") | BB10: =IF(OR(AZ10="",BA10=""),"",TEXT(DATEDIF(AZ10,BA10,"y"),"0")&" a "&TEXT(DATEDIF(AZ10,BA10,"ym"),"0")&" m") | BJ10: =IF(OR(BH10="",BI10=""),"",TEXT(DATEDIF(BH10,BI10,"y"),"0")&" a "&TEXT(DATEDIF(BH10,BI10,"ym"),"0")&" m")
D11: =IF(AND(B11="",C11=""),"",TRIM(B11&" "&C11)) | AT11: =IF(OR(AR11="",AS11=""),"",TEXT(DATEDIF(AR11,AS11,"y"),"0")&" a "&TEXT(DATEDIF(AR11,AS11,"ym"),"0")&" m") | BB11: =IF(OR(AZ11="",BA11=""),"",TEXT(DATEDIF(AZ11,BA11,"y"),"0")&" a "&TEXT(DATEDIF(AZ11,BA11,"ym"),"0")&" m") | BJ11: =IF(OR(BH11="",BI11=""),"",TEXT(DATEDIF(BH11,BI11,"y"),"0")&" a "&TEXT(DATEDIF(BH11,BI11,"ym"),"0")&" m")
D12: =IF(AND(B12="",C12=""),"",TRIM(B12&" "&C12)) | AT12: =IF(OR(AR12="",AS12=""),"",TEXT(DATEDIF(AR12,AS12,"y"),"0")&" a "&TEXT(DATEDIF(AR12,AS12,"ym"),"0")&" m") | BB12: =IF(OR(AZ12="",BA12=""),"",TEXT(DATEDIF(AZ12,BA12,"y"),"0")&" a "&TEXT(DATEDIF(AZ12,BA12,"ym"),"0")&" m") | BJ12: =IF(OR(BH12="",BI12=""),"",TEXT(DATEDIF(BH12,BI12,"y"),"0")&" a "&TEXT(DATEDIF(BH12,BI12,"ym"),"0")&" m")
D13: =IF(AND(B13="",C13=""),"",TRIM(B13&" "&C13)) | AT13: =IF(OR(AR13="",AS13=""),"",TEXT(DATEDIF(AR13,AS13,"y"),"0")&" a "&TEXT(DATEDIF(AR13,AS13,"ym"),"0")&" m") | BB13: =IF(OR(AZ13="",BA13=""),"",TEXT(DATEDIF(AZ13,BA13,"y"),"0")&" a "&TEXT(DATEDIF(AZ13,BA13,"ym"),"0")&" m") | BJ13: =IF(OR(BH13="",BI13=""),"",TEXT(DATEDIF(BH13,BI13,"y"),"0")&" a "&TEXT(DATEDIF(BH13,BI13,"ym"),"0")&" m")
D14: =IF(AND(B14="",C14=""),"",TRIM(B14&" "&C14)) | AT14: =IF(OR(AR14="",AS14=""),"",TEXT(DATEDIF(AR14,AS14,"y"),"0")&" a "&TEXT(DATEDIF(AR14,AS14,"ym"),"0")&" m") | BB14: =IF(OR(AZ14="",BA14=""),"",TEXT(DATEDIF(AZ14,BA14,"y"),"0")&" a "&TEXT(DATEDIF(AZ14,BA14,"ym"),"0")&" m") | BJ14: =IF(OR(BH14="",BI14=""),"",TEXT(DATEDIF(BH14,BI14,"y"),"0")&" a "&TEXT(DATEDIF(BH14,BI14,"ym"),"0")&" m")
D15: =IF(AND(B15="",C15=""),"",TRIM(B15&" "&C15)) | AT15: =IF(OR(AR15="",AS15=""),"",TEXT(DATEDIF(AR15,AS15,"y"),"0")&" a "&TEXT(DATEDIF(AR15,AS15,"ym"),"0")&" m") | BB15: =IF(OR(AZ15="",BA15=""),"",TEXT(DATEDIF(AZ15,BA15,"y"),"0")&" a "&TEXT(DATEDIF(AZ15,BA15,"ym"),"0")&" m") | BJ15: =IF(OR(BH15="",BI15=""),"",TEXT(DATEDIF(BH15,BI15,"y"),"0")&" a "&TEXT(DATEDIF(BH15,BI15,"ym"),"0")&" m")
D16: =IF(AND(B16="",C16=""),"",TRIM(B16&" "&C16)) | AT16: =IF(OR(AR16="",AS16=""),"",TEXT(DATEDIF(AR16,AS16,"y"),"0")&" a "&TEXT(DATEDIF(AR16,AS16,"ym"),"0")&" m") | BB16: =IF(OR(AZ16="",BA16=""),"",TEXT(DATEDIF(AZ16,BA16,"y"),"0")&" a "&TEXT(DATEDIF(AZ16,BA16,"ym"),"0")&" m") | BJ16: =IF(OR(BH16="",BI16=""),"",TEXT(DATEDIF(BH16,BI16,"y"),"0")&" a "&TEXT(DATEDIF(BH16,BI16,"ym"),"0")&" m")
D17: =IF(AND(B17="",C17=""),"",TRIM(B17&" "&C17)) | AT17: =IF(OR(AR17="",AS17=""),"",TEXT(DATEDIF(AR17,AS17,"y"),"0")&" a "&TEXT(DATEDIF(AR17,AS17,"ym"),"0")&" m") | BB17: =IF(OR(AZ17="",BA17=""),"",TEXT(DATEDIF(AZ17,BA17,"y"),"0")&" a "&TEXT(DATEDIF(AZ17,BA17,"ym"),"0")&" m") | BJ17: =IF(OR(BH17="",BI17=""),"",TEXT(DATEDIF(BH17,BI17,"y"),"0")&" a "&TEXT(DATEDIF(BH17,BI17,"ym"),"0")&" m")
D18: =IF(AND(B18="",C18=""),"",TRIM(B18&" "&C18)) | AT18: =IF(OR(AR18="",AS18=""),"",TEXT(DATEDIF(AR18,AS18,"y"),"0")&" a "&TEXT(DATEDIF(AR18,AS18,"ym"),"0")&" m") | BB18: =IF(OR(AZ18="",BA18=""),"",TEXT(DATEDIF(AZ18,BA18,"y"),"0")&" a "&TEXT(DATEDIF(AZ18,BA18,"ym"),"0")&" m") | BJ18: =IF(OR(BH18="",BI18=""),"",TEXT(DATEDIF(BH18,BI18,"y"),"0")&" a "&TEXT(DATEDIF(BH18,BI18,"ym"),"0")&" m")
D19: =IF(AND(B19="",C19=""),"",TRIM(B19&" "&C19)) | AT19: =IF(OR(AR19="",AS19=""),"",TEXT(DATEDIF(AR19,AS19,"y"),"0")&" a "&TEXT(DATEDIF(AR19,AS19,"ym"),"0")&" m") | BB19: =IF(OR(AZ19="",BA19=""),"",TEXT(DATEDIF(AZ19,BA19,"y"),"0")&" a "&TEXT(DATEDIF(AZ19,BA19,"ym"),"0")&" m") | BJ19: =IF(OR(BH19="",BI19=""),"",TEXT(DATEDIF(BH19,BI19,"y"),"0")&" a "&TEXT(DATEDIF(BH19,BI19,"ym"),"0")&" m")
... D68: =IF(AND(B68="",C68=""),"",TRIM(B68&" "&C68)) | AT68: =IF(OR(AR68="",AS68=""),"",TEXT(DATEDIF(AR68,AS68,"y"),"0")&" a "&TEXT(DATEDIF(AR68,AS68,"ym"),"0")&" m") | BB68: =IF(OR(AZ68="",BA68=""),"",TEXT(DATEDIF(AZ68,BA68,"y"),"0")&" a "&TEXT(DATEDIF(AZ68,BA68,"ym"),"0")&" m") | BJ68: =IF(OR(BH68="",BI68=""),"",TEXT(DATEDIF(BH68,BI68,"y"),"0")&" a "&TEXT(DATEDIF(BH68,BI68,"ym"),"0")&" m")

Sheet Traspaso_a_FOR-04
A1: RESULTADOS CUMPLIMIENTO DE REQUISITOS - Traspaso desde base de aspirantes (compatible con GTH-FOR-04)
A3: Esta hoja trae automáticamente Cédula, Nombre, Correo y Teléfono desde 'Aspirantes'. Gestión Humana solo diligencia aquí las columnas de evaluación (Estudios, Conocimientos, Experiencia, Decisión, Observaciones) y luego copia/pega el bloque como valores dentro de GTH-FOR-04.
A5: NO. DE CÉDULA | B5: NOMBRE COMPLETO ASPIRANTE | C5: Requisitos Estudios | E5: Conocimientos Complementarios | G5: Experiencia | I5: Decisión | K5: OBSERVACIONES | L5: CORREO | M5: TELÉFONO
C6: SI | D6: NO | E6: SI | F6: NO | G6: SI | H6: No | I6: Admitido | J6: Rechazado
A7: =IF(Aspirantes!A7="","",Aspirantes!A7) -> 1017123456 | B7: =IF(Aspirantes!D7="","",Aspirantes!D7) -> Restrepo Gómez Laura Andrea | L7: =IF(Aspirantes!W7="","",Aspirantes!W7) -> laura.restrepo@example.com | M7: =IF(Aspirantes!V7="","",Aspirantes!V7) -> 3005551234
A8: =IF(Aspirantes!A8="","",Aspirantes!A8) | B8: =IF(Aspirantes!D8="","",Aspirantes!D8) | L8: =IF(Aspirantes!W8="","",Aspirantes!W8) | M8: =IF(Aspirantes!V8="","",Aspirantes!V8)
A9: =IF(Aspirantes!A9="","",Aspirantes!A9) | B9: =IF(Aspirantes!D9="","",Aspirantes!D9) | L9: =IF(Aspirantes!W9="","",Aspirantes!W9) | M9: =IF(Aspirantes!V9="","",Aspirantes!V9)
A10: =IF(Aspirantes!A10="","",Aspirantes!A10) | B10: =IF(Aspirantes!D10="","",Aspirantes!D10) | L10: =IF(Aspirantes!W10="","",Aspirantes!W10) | M10: =IF(Aspirantes!V10="","",Aspirantes!V10)
A11: =IF(Aspirantes!A11="","",Aspirantes!A11) | B11: =IF(Aspirantes!D11="","",Aspirantes!D11) | L11: =IF(Aspirantes!W11="","",Aspirantes!W11) | M11: =IF(Aspirantes!V11="","",Aspirantes!V11)
A12: =IF(Aspirantes!A12="","",Aspirantes!A12) | B12: =IF(Aspirantes!D12="","",Aspirantes!D12) | L12: =IF(Aspirantes!W12="","",Aspirantes!W12) | M12: =IF(Aspirantes!V12="","",Aspirantes!V12)
A13: =IF(Aspirantes!A13="","",Aspirantes!A13) | B13: =IF(Aspirantes!D13="","",Aspirantes!D13) | L13: =IF(Aspirantes!W13="","",Aspirantes!W13) | M13: =IF(Aspirantes!V13="","",Aspirantes!V13)
A14: =IF(Aspirantes!A14="","",Aspirantes!A14) | B14: =IF(Aspirantes!D14="","",Aspirantes!D14) | L14: =IF(Aspirantes!W14="","",Aspirantes!W14) | M14: =IF(Aspirantes!V14="","",Aspirantes!V14)
A15: =IF(Aspirantes!A15="","",Aspirantes!A15) | B15: =IF(Aspirantes!D15="","",Aspirantes!D15) | L15: =IF(Aspirantes!W15="","",Aspirantes!W15) | M15: =IF(Aspirantes!V15="","",Aspirantes!V15)
A16: =IF(Aspirantes!A16="","",Aspirantes!A16) | B16: =IF(Aspirantes!D16="","",Aspirantes!D16) | L16: =IF(Aspirantes!W16="","",Aspirantes!W16) | M16: =IF(Aspirantes!V16="","",Aspirantes!V16)
A17: =IF(Aspirantes!A17="","",Aspirantes!A17) | B17: =IF(Aspirantes!D17="","",Aspirantes!D17) | L17: =IF(Aspirantes!W17="","",Aspirantes!W17) | M17: =IF(Aspirantes!V17="","",Aspirantes!V17)
A18: =IF(Aspirantes!A18="","",Aspirantes!A18) | B18: =IF(Aspirantes!D18="","",Aspirantes!D18) | L18: =IF(Aspirantes!W18="","",Aspirantes!W18) | M18: =IF(Aspirantes!V18="","",Aspirantes!V18)
... A67: =IF(Aspirantes!A67="","",Aspirantes!A67) | B67: =IF(Aspirantes!D67="","",Aspirantes!D67) | L67: =IF(Aspirantes!W67="","",Aspirantes!W67) | M67: =IF(Aspirantes!V67="","",Aspirantes!V67)
B68: TOTAL | I68: =COUNTIF(I7:I67,"X") -> 0 | J68: =COUNTIF(J7:J67,"X") -> 0

Sheet Listas
A1: Departamentos | C1: SiNo | E1: Genero | G1: EstadoCivil | I1: NivelEducativo | K1: NivelIdioma | M1: TipoEmpresa | O1: Dedicacion | Q1: EstadoRevision | S1: Decision
A2: Amazonas | C2: SI | E2: Hombre | G2: Soltero(a) | I2: Secundarios | K2: No | M2: Pública | O2: Tiempo completo | Q2: Pendiente | S2: Admitido
A3: Antioquia | C3: NO | E3: Mujer | G3: Casado(a) | I3: Técnico | K3: Regular | M3: Privada | O3: Medio tiempo | Q3: Cumple requisitos | S3: Rechazado
A4: Arauca | G4: Unión libre | I4: Tecnólogo | K4: Bien | M4: Mixta | O4: Tiempo parcial | Q4: No cumple requisitos
A5: Atlántico | G5: Divorciado(a) | I5: Universitario | K5: Muy bien
A6: Bogotá D.C. | G6: Viudo(a) | I6: Postgrado - Especialización
A7: Bolívar | I7: Postgrado - Maestría
A8: Boyacá | I8: Postgrado - Doctorado
A9: Caldas | I9: Otro
A10: Caquetá
A11: Casanare
A12: Cauca
A13: Cesar
A14: Chocó
A15: Córdoba
A16: Cundinamarca
A17: Guainía
A18: Guaviare
A19: Huila
A20: La Guajira
A21: Magdalena
... A35: Extranjero
